frame_index,seq,header_stamp,aligned_stamp
0,138324,56758.373287000,56758.385067000
1,138325,56758.388310000,56758.400090000
2,138326,56758.405545000,56758.417325000
3,138327,56758.421758000,56758.433538000
4,138328,56758.438826000,56758.450606000
5,138329,56758.456085000,56758.467865000
6,138330,56758.473030000,56758.484810000
7,138331,56758.488194000,56758.499974000
8,138332,56758.505335000,56758.517115000
9,138333,56758.521904000,56758.533684000
10,138334,56758.538937000,56758.550717000
11,138335,56758.556753000,56758.568533000
12,138336,56758.573385000,56758.585165000
13,138337,56758.588605000,56758.600385000
14,138338,56758.605376000,56758.617156000
15,138339,56758.621404000,56758.633184000
16,138340,56758.639047000,56758.650827000
17,138341,56758.656248000,56758.668028000
18,138342,56758.673146000,56758.684926000
19,138343,56758.688224000,56758.700004000
20,138344,56758.705458000,56758.717238000
21,138345,56758.721490000,56758.733270000
22,138346,56758.739043000,56758.750823000
23,138347,56758.756368000,56758.768148000
24,138348,56758.774333000,56758.786113000
25,138349,56758.788493000,56758.800273000
26,138350,56758.805522000,56758.817302000
27,138351,56758.821782000,56758.833562000
28,138352,56758.838868000,56758.850648000
29,138353,56758.856578000,56758.868358000
30,138354,56758.873193000,56758.884973000
31,138355,56758.888507000,56758.900287000
32,138356,56758.905309000,56758.917089000
33,138357,56758.921359000,56758.933139000
34,138358,56758.938981000,56758.950761000
35,138359,56758.956381000,56758.968161000
36,138360,56758.973015000,56758.984795000
37,138361,56758.988810000,56759.000590000
38,138362,56759.005411000,56759.017191000
39,138363,56759.021470000,56759.033250000
40,138364,56759.039003000,56759.050783000
41,138365,56759.056497000,56759.068277000
42,138366,56759.074173000,56759.085953000
43,138367,56759.090586000,56759.102366000
44,138368,56759.105487000,56759.117267000
45,138369,56759.121669000,56759.133449000
46,138370,56759.138749000,56759.150529000
47,138371,56759.156432000,56759.168212000
48,138372,56759.173404000,56759.185184000
49,138373,56759.188349000,56759.200129000
50,138374,56759.205455000,56759.217235000
51,138375,56759.221951000,56759.233731000
52,138376,56759.238773000,56759.250553000
53,138377,56759.256585000,56759.268365000
54,138378,56759.273405000,56759.285185000
55,138379,56759.288798000,56759.300578000
56,138380,56759.305429000,56759.317209000
57,138381,56759.321424000,56759.333204000
58,138382,56759.338628000,56759.350408000
59,138383,56759.355763000,56759.367543000
60,138384,56759.371179000,56759.382959000
61,138385,56759.389954000,56759.401734000
62,138386,56759.405204000,56759.416984000
63,138387,56759.421532000,56759.433312000
64,138388,56759.438957000,56759.450737000
65,138389,56759.456742000,56759.468522000
66,138390,56759.471103000,56759.482883000
67,138391,56759.490140000,56759.501920000
68,138392,56759.505643000,56759.517423000
69,138393,56759.521416000,56759.533196000
70,138394,56759.538765000,56759.550545000
71,138395,56759.556388000,56759.568168000
72,138396,56759.572949000,56759.584729000
73,138397,56759.588297000,56759.600077000
74,138398,56759.605191000,56759.616971000
75,138399,56759.621717000,56759.633497000
76,138400,56759.638738000,56759.650518000
77,138401,56759.656551000,56759.668331000
78,138402,56759.673187000,56759.684967000
79,138403,56759.688355000,56759.700135000
80,138404,56759.705195000,56759.716975000
81,138405,56759.721292000,56759.733072000
82,138406,56759.739192000,56759.750972000
83,138407,56759.756268000,56759.768048000
84,138408,56759.773042000,56759.784822000
85,138409,56759.788249000,56759.800029000
86,138410,56759.805436000,56759.817216000
87,138411,56759.821502000,56759.833282000
88,138412,56759.838894000,56759.850674000
89,138413,56759.856484000,56759.868264000
90,138414,56759.872042000,56759.883822000
91,138415,56759.888110000,56759.899890000
92,138416,56759.905299000,56759.917079000
93,138417,56759.921550000,56759.933330000
94,138418,56759.938735000,56759.950515000
95,138419,56759.956503000,56759.968283000
96,138420,56759.973189000,56759.984969000
97,138421,56759.988640000,56760.000420000
98,138422,56760.005131000,56760.016911000
99,138423,56760.021168000,56760.032948000
100,138424,56760.038888000,56760.050668000
101,138425,56760.056391000,56760.068171000
102,138426,56760.073121000,56760.084901000
103,138427,56760.088692000,56760.100472000
104,138428,56760.105118000,56760.116898000
105,138429,56760.121508000,56760.133288000
106,138430,56760.139078000,56760.150858000
107,138431,56760.156417000,56760.168197000
108,138432,56760.171137000,56760.182917000
109,138433,56760.188175000,56760.199955000
110,138434,56760.205424000,56760.217204000
111,138435,56760.221446000,56760.233226000
112,138436,56760.238645000,56760.250425000
113,138437,56760.256304000,56760.268084000
114,138438,56760.273314000,56760.285094000
115,138439,56760.288263000,56760.300043000
116,138440,56760.305109000,56760.316889000
117,138441,56760.321534000,56760.333314000
118,138442,56760.338705000,56760.350485000
119,138443,56760.354463000,56760.366243000
120,138444,56760.372678000,56760.384458000
121,138445,56760.388344000,56760.400124000
122,138446,56760.405055000,56760.416835000
123,138447,56760.421170000,56760.432950000
124,138448,56760.438915000,56760.450695000
125,138449,56760.454681000,56760.466461000
126,138450,56760.471036000,56760.482816000
127,138451,56760.488424000,56760.500204000
128,138452,56760.505233000,56760.517013000
129,138453,56760.521337000,56760.533117000
130,138454,56760.538909000,56760.550689000
131,138455,56760.556336000,56760.568116000
132,138456,56760.574054000,56760.585834000
133,138457,56760.588830000,56760.600610000
134,138458,56760.605463000,56760.617243000
135,138459,56760.621444000,56760.633224000
136,138460,56760.638586000,56760.650366000
137,138461,56760.656435000,56760.668215000
138,138462,56760.672992000,56760.684772000
139,138463,56760.688229000,56760.700009000
140,138464,56760.705012000,56760.716792000
141,138465,56760.721150000,56760.732930000
142,138466,56760.738700000,56760.750480000
143,138467,56760.754508000,56760.766288000
144,138468,56760.771049000,56760.782829000
145,138469,56760.788303000,56760.800083000
146,138470,56760.805065000,56760.816845000
147,138471,56760.821418000,56760.833198000
148,138472,56760.838965000,56760.850745000
149,138473,56760.856290000,56760.868070000
150,138474,56760.873792000,56760.885572000
151,138475,56760.888956000,56760.900736000
152,138476,56760.906382000,56760.918162000
153,138477,56760.921327000,56760.933107000
154,138478,56760.938554000,56760.950334000
155,138479,56760.956346000,56760.968126000
156,138480,56760.971952000,56760.983732000
157,138481,56760.988118000,56760.999898000
158,138482,56761.004351000,56761.016131000
159,138483,56761.021282000,56761.033062000
160,138484,56761.038594000,56761.050374000
161,138485,56761.056330000,56761.068110000
162,138486,56761.073083000,56761.084863000
163,138487,56761.088481000,56761.100261000
164,138488,56761.104984000,56761.116764000
165,138489,56761.121152000,56761.132932000
166,138490,56761.138761000,56761.150541000
167,138491,56761.154834000,56761.166614000
168,138492,56761.172590000,56761.184370000
169,138493,56761.188357000,56761.200137000
170,138494,56761.205056000,56761.216836000
171,138495,56761.221381000,56761.233161000
172,138496,56761.238731000,56761.250511000
173,138497,56761.256340000,56761.268120000
174,138498,56761.274062000,56761.285842000
175,138499,56761.288841000,56761.300621000
176,138500,56761.305390000,56761.317170000
177,138501,56761.321352000,56761.333132000
178,138502,56761.338525000,56761.350305000
179,138503,56761.356387000,56761.368167000
180,138504,56761.372728000,56761.384508000
181,138505,56761.388199000,56761.399979000
182,138506,56761.404444000,56761.416224000
183,138507,56761.421091000,56761.432871000
184,138508,56761.438539000,56761.450319000
185,138509,56761.456349000,56761.468129000
186,138510,56761.472819000,56761.484599000
187,138511,56761.488252000,56761.500032000
188,138512,56761.505029000,56761.516809000
189,138513,56761.521238000,56761.533018000
190,138514,56761.538787000,56761.550567000
191,138515,56761.556296000,56761.568076000
192,138516,56761.570988000,56761.582768000
193,138517,56761.588059000,56761.599839000
194,138518,56761.605174000,56761.616954000
195,138519,56761.621320000,56761.633100000
196,138520,56761.637449000,56761.649229000
197,138521,56761.656210000,56761.667990000
198,138522,56761.674020000,56761.685800000
199,138523,56761.688353000,56761.700133000
200,138524,56761.704412000,56761.716192000
201,138525,56761.721183000,56761.732963000
202,138526,56761.738483000,56761.750263000
203,138527,56761.756277000,56761.768057000
204,138528,56761.772922000,56761.784702000
205,138529,56761.788137000,56761.799917000
206,138530,56761.804943000,56761.816723000
207,138531,56761.821097000,56761.832877000
208,138532,56761.838676000,56761.850456000
209,138533,56761.856219000,56761.867999000
210,138534,56761.871024000,56761.882804000
211,138535,56761.888008000,56761.899788000
212,138536,56761.904917000,56761.916697000
213,138537,56761.921237000,56761.933017000
214,138538,56761.938625000,56761.950405000
215,138539,56761.956257000,56761.968037000
216,138540,56761.972937000,56761.984717000
217,138541,56761.987970000,56761.999750000
218,138542,56762.005178000,56762.016958000
219,138543,56762.021231000,56762.033011000
220,138544,56762.038410000,56762.050190000
221,138545,56762.056171000,56762.067951000
222,138546,56762.074195000,56762.085975000
223,138547,56762.088424000,56762.100204000
224,138548,56762.105426000,56762.117206000
225,138549,56762.121324000,56762.133104000
226,138550,56762.138478000,56762.150258000
227,138551,56762.156195000,56762.167975000
228,138552,56762.173074000,56762.184854000
229,138553,56762.188238000,56762.200018000
230,138554,56762.205037000,56762.216817000
231,138555,56762.221022000,56762.232802000
232,138556,56762.238674000,56762.250454000
233,138557,56762.254568000,56762.266348000
234,138558,56762.272548000,56762.284328000
235,138559,56762.288249000,56762.300029000
236,138560,56762.305081000,56762.316861000
237,138561,56762.321229000,56762.333009000
238,138562,56762.337331000,56762.349111000
239,138563,56762.356191000,56762.367971000
240,138564,56762.372729000,56762.384509000
241,138565,56762.387971000,56762.399751000
242,138566,56762.404268000,56762.416048000
243,138567,56762.421426000,56762.433206000
244,138568,56762.437538000,56762.449318000
245,138569,56762.454275000,56762.466055000
246,138570,56762.472327000,56762.484107000
247,138571,56762.487949000,56762.499729000
248,138572,56762.505393000,56762.517173000
249,138573,56762.520982000,56762.532762000
250,138574,56762.538511000,56762.550291000
251,138575,56762.554595000,56762.566375000
252,138576,56762.572299000,56762.584079000
253,138577,56762.588253000,56762.600033000
254,138578,56762.605081000,56762.616861000
255,138579,56762.621125000,56762.632905000
256,138580,56762.638658000,56762.650438000
257,138581,56762.654284000,56762.666064000
258,138582,56762.670657000,56762.682437000
259,138583,56762.687702000,56762.699482000
260,138584,56762.705156000,56762.716936000
261,138585,56762.721292000,56762.733072000
262,138586,56762.737232000,56762.749012000
263,138587,56762.756071000,56762.767851000
264,138588,56762.774092000,56762.785872000
265,138589,56762.788159000,56762.799939000
266,138590,56762.805629000,56762.817409000
267,138591,56762.821333000,56762.833113000
268,138592,56762.838408000,56762.850188000
269,138593,56762.854194000,56762.865974000
270,138594,56762.872343000,56762.884123000
271,138595,56762.887978000,56762.899758000
272,138596,56762.905313000,56762.917093000
273,138597,56762.921069000,56762.932849000
274,138598,56762.938609000,56762.950389000
275,138599,56762.954511000,56762.966291000
276,138600,56762.972410000,56762.984190000
277,138601,56762.988187000,56762.999967000
278,138602,56763.005067000,56763.016847000
279,138603,56763.021167000,56763.032947000
280,138604,56763.037219000,56763.048999000
281,138605,56763.056247000,56763.068027000
282,138606,56763.072651000,56763.084431000
283,138607,56763.087887000,56763.099667000
284,138608,56763.106139000,56763.117919000
285,138609,56763.121075000,56763.132855000
286,138610,56763.137211000,56763.148991000
287,138611,56763.154355000,56763.166135000
288,138612,56763.172471000,56763.184251000
289,138613,56763.187961000,56763.199741000
290,138614,56763.205038000,56763.216818000
291,138615,56763.220859000,56763.232639000
292,138616,56763.238320000,56763.250100000
293,138617,56763.254008000,56763.265788000
294,138618,56763.272206000,56763.283986000
295,138619,56763.288149000,56763.299929000
296,138620,56763.304778000,56763.316558000
297,138621,56763.320851000,56763.332631000
298,138622,56763.338727000,56763.350507000
299,138623,56763.356074000,56763.367854000
300,138624,56763.372418000,56763.384198000
301,138625,56763.388225000,56763.400005000
302,138626,56763.404982000,56763.416762000
303,138627,56763.420638000,56763.432418000
304,138628,56763.438312000,56763.450092000
305,138629,56763.455678000,56763.467458000
306,138630,56763.472628000,56763.484408000
307,138631,56763.487867000,56763.499647000
308,138632,56763.504771000,56763.516551000
309,138633,56763.522396000,56763.534176000
310,138634,56763.538118000,56763.549898000
311,138635,56763.555936000,56763.567716000
312,138636,56763.572550000,56763.584330000
313,138637,56763.588027000,56763.599807000
314,138638,56763.604559000,56763.616339000
315,138639,56763.622197000,56763.633977000
316,138640,56763.638369000,56763.650149000
317,138641,56763.655916000,56763.667696000
318,138642,56763.672445000,56763.684225000
319,138643,56763.688177000,56763.699957000
320,138644,56763.704819000,56763.716599000
321,138645,56763.720619000,56763.732399000
322,138646,56763.738160000,56763.749940000
323,138647,56763.755924000,56763.767704000
324,138648,56763.772612000,56763.784392000
325,138649,56763.787946000,56763.799726000
326,138650,56763.804904000,56763.816684000
327,138651,56763.820730000,56763.832510000
328,138652,56763.838076000,56763.849856000
329,138653,56763.855875000,56763.867655000
330,138654,56763.873011000,56763.884791000
331,138655,56763.887900000,56763.899680000
332,138656,56763.904742000,56763.916522000
333,138657,56763.921016000,56763.932796000
334,138658,56763.938117000,56763.949897000
335,138659,56763.956038000,56763.967818000
336,138660,56763.972646000,56763.984426000
337,138661,56763.988036000,56763.999816000
338,138662,56764.004584000,56764.016364000
339,138663,56764.020703000,56764.032483000
340,138664,56764.038329000,56764.050109000
341,138665,56764.054180000,56764.065960000
342,138666,56764.072282000,56764.084062000
343,138667,56764.088143000,56764.099923000
344,138668,56764.104581000,56764.116361000
345,138669,56764.120943000,56764.132723000
346,138670,56764.138290000,56764.150070000
347,138671,56764.155906000,56764.167686000
348,138672,56764.172590000,56764.184370000
349,138673,56764.187756000,56764.199536000
350,138674,56764.204806000,56764.216586000
351,138675,56764.220725000,56764.232505000
352,138676,56764.238074000,56764.249854000
353,138677,56764.254058000,56764.265838000
354,138678,56764.272230000,56764.284010000
355,138679,56764.288019000,56764.299799000
356,138680,56764.304722000,56764.316502000
357,138681,56764.321024000,56764.332804000
358,138682,56764.338152000,56764.349932000
359,138683,56764.354108000,56764.365888000
360,138684,56764.372048000,56764.383828000
361,138685,56764.388078000,56764.399858000
362,138686,56764.404515000,56764.416295000
363,138687,56764.420809000,56764.432589000
364,138688,56764.438326000,56764.450106000
365,138689,56764.453998000,56764.465778000
366,138690,56764.471953000,56764.483733000
367,138691,56764.487706000,56764.499486000
368,138692,56764.504694000,56764.516474000
369,138693,56764.520796000,56764.532576000
370,138694,56764.538242000,56764.550022000
371,138695,56764.555840000,56764.567620000
372,138696,56764.573760000,56764.585540000
373,138697,56764.588271000,56764.600051000
374,138698,56764.605125000,56764.616905000
375,138699,56764.620876000,56764.632656000
376,138700,56764.638076000,56764.649856000
377,138701,56764.653903000,56764.665683000
378,138702,56764.672035000,56764.683815000
379,138703,56764.687822000,56764.699602000
380,138704,56764.704567000,56764.716347000
381,138705,56764.720617000,56764.732397000
382,138706,56764.738250000,56764.750030000
383,138707,56764.754157000,56764.765937000
384,138708,56764.772095000,56764.783875000
385,138709,56764.788075000,56764.799855000
386,138710,56764.804638000,56764.816418000
387,138711,56764.820679000,56764.832459000
388,138712,56764.838158000,56764.849938000
389,138713,56764.855949000,56764.867729000
390,138714,56764.873461000,56764.885241000
391,138715,56764.887068000,56764.898848000
392,138716,56764.905016000,56764.916796000
393,138717,56764.921231000,56764.933011000
394,138718,56764.937998000,56764.949778000
395,138719,56764.953926000,56764.965706000
396,138720,56764.971840000,56764.983620000
397,138721,56764.987832000,56764.999612000
398,138722,56765.006926000,56765.018706000
399,138723,56765.020849000,56765.032629000
400,138724,56765.038050000,56765.049830000
401,138725,56765.054129000,56765.065909000
402,138726,56765.071840000,56765.083620000
403,138727,56765.088009000,56765.099789000
404,138728,56765.104618000,56765.116398000
405,138729,56765.120606000,56765.132386000
406,138730,56765.138229000,56765.150009000
407,138731,56765.154358000,56765.166138000
408,138732,56765.172064000,56765.183844000
409,138733,56765.188063000,56765.199843000
410,138734,56765.204594000,56765.216374000
411,138735,56765.220678000,56765.232458000
412,138736,56765.238205000,56765.249985000
413,138737,56765.254182000,56765.265962000
414,138738,56765.271545000,56765.283325000
415,138739,56765.287700000,56765.299480000
416,138740,56765.304701000,56765.316481000
417,138741,56765.320881000,56765.332661000
418,138742,56765.338048000,56765.349828000
419,138743,56765.354131000,56765.365911000
420,138744,56765.371908000,56765.383688000
421,138745,56765.387837000,56765.399617000
422,138746,56765.404639000,56765.416419000
423,138747,56765.420818000,56765.432598000
424,138748,56765.438171000,56765.449951000
425,138749,56765.454317000,56765.466097000
426,138750,56765.471864000,56765.483644000
427,138751,56765.487971000,56765.499751000
428,138752,56765.504702000,56765.516482000
429,138753,56765.520794000,56765.532574000
430,138754,56765.538059000,56765.549839000
431,138755,56765.554278000,56765.566058000
432,138756,56765.571570000,56765.583350000
433,138757,56765.587671000,56765.599451000
434,138758,56765.604655000,56765.616435000
435,138759,56765.620755000,56765.632535000
436,138760,56765.638212000,56765.649992000
437,138761,56765.654355000,56765.666135000
438,138762,56765.671857000,56765.683637000
439,138763,56765.687617000,56765.699397000
440,138764,56765.704600000,56765.716380000
441,138765,56765.720715000,56765.732495000
442,138766,56765.738016000,56765.749796000
443,138767,56765.754044000,56765.765824000
444,138768,56765.771817000,56765.783597000
445,138769,56765.787688000,56765.799468000
446,138770,56765.804386000,56765.816166000
447,138771,56765.820534000,56765.832314000
448,138772,56765.838137000,56765.849917000
449,138773,56765.854166000,56765.865946000
450,138774,56765.873067000,56765.884847000
451,138775,56765.887221000,56765.899001000
452,138776,56765.904617000,56765.916397000
453,138777,56765.920857000,56765.932637000
454,138778,56765.938028000,56765.949808000
455,138779,56765.954272000,56765.966052000
456,138780,56765.973279000,56765.985059000
457,138781,56765.988274000,56766.000054000
458,138782,56766.004614000,56766.016394000
459,138783,56766.020703000,56766.032483000
460,138784,56766.037874000,56766.049654000
461,138785,56766.053974000,56766.065754000
462,138786,56766.071815000,56766.083595000
463,138787,56766.087586000,56766.099366000
464,138788,56766.104229000,56766.116009000
465,138789,56766.120846000,56766.132626000
466,138790,56766.137950000,56766.149730000
467,138791,56766.154018000,56766.165798000
468,138792,56766.171765000,56766.183545000
469,138793,56766.187822000,56766.199602000
470,138794,56766.204365000,56766.216145000
471,138795,56766.220624000,56766.232404000
472,138796,56766.238093000,56766.249873000
473,138797,56766.254077000,56766.265857000
474,138798,56766.271890000,56766.283670000
475,138799,56766.286762000,56766.298542000
476,138800,56766.304497000,56766.316277000
477,138801,56766.320874000,56766.332654000
478,138802,56766.338043000,56766.349823000
479,138803,56766.354235000,56766.366015000
480,138804,56766.373350000,56766.385130000
481,138805,56766.387130000,56766.398910000
482,138806,56766.404431000,56766.416211000
483,138807,56766.422578000,56766.434358000
484,138808,56766.437846000,56766.449626000
485,138809,56766.453925000,56766.465705000
486,138810,56766.471954000,56766.483734000
487,138811,56766.487529000,56766.499309000
488,138812,56766.504322000,56766.516102000
489,138813,56766.521889000,56766.533669000
490,138814,56766.537069000,56766.548849000
491,138815,56766.554123000,56766.565903000
492,138816,56766.569994000,56766.581774000
493,138817,56766.587715000,56766.599495000
494,138818,56766.603630000,56766.615410000
495,138819,56766.620542000,56766.632322000
496,138820,56766.636733000,56766.648513000
497,138821,56766.654146000,56766.665926000
498,138822,56766.670283000,56766.682063000
499,138823,56766.686675000,56766.698455000
500,138824,56766.704621000,56766.716401000
501,138825,56766.721164000,56766.732944000
502,138826,56766.736923000,56766.748703000
503,138827,56766.753928000,56766.765708000
504,138828,56766.770237000,56766.782017000
505,138829,56766.786692000,56766.798472000
506,138830,56766.803814000,56766.815594000
507,138831,56766.821998000,56766.833778000
508,138832,56766.837023000,56766.848803000
509,138833,56766.853966000,56766.865746000
510,138834,56766.872317000,56766.884097000
511,138835,56766.887602000,56766.899382000
512,138836,56766.903727000,56766.915507000
513,138837,56766.921849000,56766.933629000
514,138838,56766.937169000,56766.948949000
515,138839,56766.954249000,56766.966029000
516,138840,56766.970389000,56766.982169000
517,138841,56766.986672000,56766.998452000
518,138842,56767.006600000,56767.018380000
519,138843,56767.020613000,56767.032393000
520,138844,56767.036623000,56767.048403000
521,138845,56767.054033000,56767.065813000
522,138846,56767.070292000,56767.082072000
523,138847,56767.086628000,56767.098408000
524,138848,56767.103799000,56767.115579000
525,138849,56767.122166000,56767.133946000
526,138850,56767.136681000,56767.148461000
527,138851,56767.153883000,56767.165663000
528,138852,56767.171940000,56767.183720000
529,138853,56767.187373000,56767.199153000
530,138854,56767.203642000,56767.215422000
531,138855,56767.220717000,56767.232497000
532,138856,56767.236736000,56767.248516000
533,138857,56767.253827000,56767.265607000
534,138858,56767.270150000,56767.281930000
535,138859,56767.287738000,56767.299518000
536,138860,56767.303732000,56767.315512000
537,138861,56767.321978000,56767.333758000
538,138862,56767.336589000,56767.348369000
539,138863,56767.353981000,56767.365761000
540,138864,56767.369984000,56767.381764000
541,138865,56767.386587000,56767.398367000
542,138866,56767.404644000,56767.416424000
543,138867,56767.420855000,56767.432635000
544,138868,56767.436527000,56767.448307000
545,138869,56767.453536000,56767.465316000
546,138870,56767.470273000,56767.482053000
547,138871,56767.486575000,56767.498355000
548,138872,56767.503663000,56767.515443000
549,138873,56767.522137000,56767.533917000
550,138874,56767.536523000,56767.548303000
551,138875,56767.553779000,56767.565559000
552,138876,56767.570122000,56767.581902000
553,138877,56767.586630000,56767.598410000
554,138878,56767.603699000,56767.615479000
555,138879,56767.620960000,56767.632740000
556,138880,56767.636775000,56767.648555000
557,138881,56767.653943000,56767.665723000
558,138882,56767.670259000,56767.682039000
559,138883,56767.687570000,56767.699350000
560,138884,56767.703576000,56767.715356000
561,138885,56767.720392000,56767.732172000
562,138886,56767.736455000,56767.748235000
563,138887,56767.753862000,56767.765642000
564,138888,56767.769944000,56767.781724000
565,138889,56767.786525000,56767.798305000
566,138890,56767.804467000,56767.816247000
567,138891,56767.820750000,56767.832530000
568,138892,56767.836460000,56767.848240000
569,138893,56767.853589000,56767.865369000
570,138894,56767.871764000,56767.883544000
571,138895,56767.886527000,56767.898307000
572,138896,56767.903530000,56767.915310000
573,138897,56767.920622000,56767.932402000
574,138898,56767.936505000,56767.948285000
575,138899,56767.953636000,56767.965416000
576,138900,56767.970046000,56767.981826000
577,138901,56767.988983000,56768.000763000
578,138902,56768.003450000,56768.015230000
579,138903,56768.020336000,56768.032116000
580,138904,56768.036831000,56768.048611000
581,138905,56768.054081000,56768.065861000
582,138906,56768.069820000,56768.081600000
583,138907,56768.086411000,56768.098191000
584,138908,56768.103730000,56768.115510000
585,138909,56768.120726000,56768.132506000
586,138910,56768.136499000,56768.148279000
587,138911,56768.153901000,56768.165681000
588,138912,56768.169977000,56768.181757000
589,138913,56768.186445000,56768.198225000
590,138914,56768.203537000,56768.215317000
591,138915,56768.221665000,56768.233445000
592,138916,56768.236617000,56768.248397000
593,138917,56768.253675000,56768.265455000
594,138918,56768.270107000,56768.281887000
595,138919,56768.286476000,56768.298256000
596,138920,56768.303556000,56768.315336000
597,138921,56768.320043000,56768.331823000
598,138922,56768.336638000,56768.348418000
599,138923,56768.353808000,56768.365588000
600,138924,56768.369934000,56768.381714000
601,138925,56768.387598000,56768.399378000
602,138926,56768.403509000,56768.415289000
603,138927,56768.420306000,56768.432086000
604,138928,56768.436361000,56768.448141000
605,138929,56768.453760000,56768.465540000
606,138930,56768.469814000,56768.481594000
607,138931,56768.486348000,56768.498128000
608,138932,56768.504375000,56768.516155000
609,138933,56768.520422000,56768.532202000
610,138934,56768.536361000,56768.548141000
611,138935,56768.553489000,56768.565269000
612,138936,56768.570101000,56768.581881000
613,138937,56768.586411000,56768.598191000
614,138938,56768.603521000,56768.615301000
615,138939,56768.620727000,56768.632507000
616,138940,56768.636635000,56768.648415000
617,138941,56768.653636000,56768.665416000
618,138942,56768.670058000,56768.681838000
619,138943,56768.688831000,56768.700611000
620,138944,56768.703376000,56768.715156000
621,138945,56768.720294000,56768.732074000
622,138946,56768.736591000,56768.748371000
623,138947,56768.753918000,56768.765698000
624,138948,56768.769940000,56768.781720000
625,138949,56768.786331000,56768.798111000
626,138950,56768.803625000,56768.815405000
627,138951,56768.821924000,56768.833704000
628,138952,56768.836297000,56768.848077000
629,138953,56768.853861000,56768.865641000
630,138954,56768.870002000,56768.881782000
631,138955,56768.886361000,56768.898141000
632,138956,56768.903577000,56768.915357000
633,138957,56768.920503000,56768.932283000
634,138958,56768.936319000,56768.948099000
635,138959,56768.953501000,56768.965281000
636,138960,56768.970212000,56768.981992000
637,138961,56768.986401000,56768.998181000
638,138962,56769.003469000,56769.015249000
639,138963,56769.021983000,56769.033763000
640,138964,56769.036545000,56769.048325000
641,138965,56769.053578000,56769.065358000
642,138966,56769.069880000,56769.081660000
643,138967,56769.086597000,56769.098377000
644,138968,56769.103620000,56769.115400000
645,138969,56769.120660000,56769.132440000
646,138970,56769.136456000,56769.148236000
647,138971,56769.153861000,56769.165641000
648,138972,56769.169898000,56769.181678000
649,138973,56769.186235000,56769.198015000
650,138974,56769.203722000,56769.215502000
651,138975,56769.220637000,56769.232417000
652,138976,56769.236246000,56769.248026000
653,138977,56769.253815000,56769.265595000
654,138978,56769.269916000,56769.281696000
655,138979,56769.286251000,56769.298031000
656,138980,56769.303286000,56769.315066000
657,138981,56769.320742000,56769.332522000
658,138982,56769.336425000,56769.348205000
659,138983,56769.353458000,56769.365238000
660,138984,56769.370119000,56769.381899000
661,138985,56769.387173000,56769.398953000
662,138986,56769.403015000,56769.414795000
663,138987,56769.419978000,56769.431758000
664,138988,56769.436568000,56769.448348000
665,138989,56769.453804000,56769.465584000
666,138990,56769.469664000,56769.481444000
667,138991,56769.487325000,56769.499105000
668,138992,56769.503434000,56769.515214000
669,138993,56769.520378000,56769.532158000
670,138994,56769.536196000,56769.547976000
671,138995,56769.553828000,56769.565608000
672,138996,56769.569919000,56769.581699000
673,138997,56769.586240000,56769.598020000
674,138998,56769.604376000,56769.616156000
675,138999,56769.620500000,56769.632280000
676,139000,56769.636276000,56769.648056000
677,139001,56769.653746000,56769.665526000
678,139002,56769.670031000,56769.681811000
679,139003,56769.686225000,56769.698005000
680,139004,56769.703368000,56769.715148000
681,139005,56769.721727000,56769.733507000
682,139006,56769.736277000,56769.748057000
683,139007,56769.753454000,56769.765234000
684,139008,56769.769927000,56769.781707000
685,139009,56769.786378000,56769.798158000
686,139010,56769.803439000,56769.815219000
687,139011,56769.821855000,56769.833635000
688,139012,56769.836751000,56769.848531000
689,139013,56769.853899000,56769.865679000
690,139014,56769.869709000,56769.881489000
691,139015,56769.886145000,56769.897925000
692,139016,56769.903564000,56769.915344000
693,139017,56769.920071000,56769.931851000
694,139018,56769.936302000,56769.948082000
695,139019,56769.953671000,56769.965451000
696,139020,56769.969730000,56769.981510000
697,139021,56769.986214000,56769.997994000
698,139022,56770.003114000,56770.014894000
699,139023,56770.020534000,56770.032314000
700,139024,56770.036267000,56770.048047000
701,139025,56770.053352000,56770.065132000
702,139026,56770.070026000,56770.081806000
703,139027,56770.086236000,56770.098016000
704,139028,56770.103349000,56770.115129000
705,139029,56770.121724000,56770.133504000
706,139030,56770.136417000,56770.148197000
707,139031,56770.153567000,56770.165347000
708,139032,56770.169603000,56770.181383000
709,139033,56770.188717000,56770.200497000
710,139034,56770.203168000,56770.214948000
711,139035,56770.220172000,56770.231952000
712,139036,56770.236247000,56770.248027000
713,139037,56770.253636000,56770.265416000
714,139038,56770.269589000,56770.281369000
715,139039,56770.286073000,56770.297853000
716,139040,56770.303621000,56770.315401000
717,139041,56770.322050000,56770.333830000
718,139042,56770.336261000,56770.348041000
719,139043,56770.353651000,56770.365431000
720,139044,56770.369805000,56770.381585000
721,139045,56770.386112000,56770.397892000
722,139046,56770.403134000,56770.414914000
723,139047,56770.421688000,56770.433468000
724,139048,56770.436476000,56770.448256000
725,139049,56770.453411000,56770.465191000
726,139050,56770.469639000,56770.481419000
727,139051,56770.486306000,56770.498086000
728,139052,56770.503374000,56770.515154000
729,139053,56770.521764000,56770.533544000
730,139054,56770.536605000,56770.548385000
731,139055,56770.553679000,56770.565459000
732,139056,56770.569502000,56770.581282000
733,139057,56770.586136000,56770.597916000
734,139058,56770.603438000,56770.615218000
735,139059,56770.621851000,56770.633631000
736,139060,56770.636076000,56770.647856000
737,139061,56770.653645000,56770.665425000
738,139062,56770.669572000,56770.681352000
739,139063,56770.686060000,56770.697840000
740,139064,56770.703182000,56770.714962000
741,139065,56770.720549000,56770.732329000
742,139066,56770.736147000,56770.747927000
743,139067,56770.753573000,56770.765353000
744,139068,56770.769938000,56770.781718000
745,139069,56770.786088000,56770.797868000
746,139070,56770.803108000,56770.814888000
747,139071,56770.821598000,56770.833378000
748,139072,56770.836263000,56770.848043000
749,139073,56770.853382000,56770.865162000
750,139074,56770.869429000,56770.881209000
751,139075,56770.886298000,56770.898078000
752,139076,56770.903339000,56770.915119000
753,139077,56770.921681000,56770.933461000
754,139078,56770.936681000,56770.948461000
755,139079,56770.953846000,56770.965626000
756,139080,56770.969557000,56770.981337000
757,139081,56770.985996000,56770.997776000
758,139082,56771.003454000,56771.015234000
759,139083,56771.021746000,56771.033526000
760,139084,56771.036026000,56771.047806000
761,139085,56771.053641000,56771.065421000
762,139086,56771.069640000,56771.081420000
763,139087,56771.086064000,56771.097844000
764,139088,56771.102975000,56771.114755000
765,139089,56771.120322000,56771.132102000
766,139090,56771.136391000,56771.148171000
767,139091,56771.153349000,56771.165129000
768,139092,56771.169819000,56771.181599000
769,139093,56771.186181000,56771.197961000
770,139094,56771.203112000,56771.214892000
771,139095,56771.221514000,56771.233294000
772,139096,56771.236435000,56771.248215000
773,139097,56771.253439000,56771.265219000
774,139098,56771.269362000,56771.281142000
775,139099,56771.286120000,56771.297900000
776,139100,56771.303054000,56771.314834000
777,139101,56771.320092000,56771.331872000
778,139102,56771.336045000,56771.347825000
779,139103,56771.353470000,56771.365250000
780,139104,56771.369688000,56771.381468000
781,139105,56771.385953000,56771.397733000
782,139106,56771.403459000,56771.415239000
783,139107,56771.419676000,56771.431456000
784,139108,56771.436082000,56771.447862000
785,139109,56771.453021000,56771.464801000
786,139110,56771.469767000,56771.481547000
787,139111,56771.486024000,56771.497804000
788,139112,56771.502909000,56771.514689000
789,139113,56771.520272000,56771.532052000
790,139114,56771.536330000,56771.548110000
791,139115,56771.553358000,56771.565138000
792,139116,56771.569455000,56771.581235000
793,139117,56771.586182000,56771.597962000
794,139118,56771.602945000,56771.614725000
795,139119,56771.620409000,56771.632189000
796,139120,56771.636337000,56771.648117000
797,139121,56771.653535000,56771.665315000
798,139122,56771.669480000,56771.681260000
799,139123,56771.685911000,56771.697691000
800,139124,56771.703192000,56771.714972000
801,139125,56771.719800000,56771.731580000
802,139126,56771.736191000,56771.747971000
803,139127,56771.753508000,56771.765288000
804,139128,56771.769743000,56771.781523000
805,139129,56771.785893000,56771.797673000
806,139130,56771.802838000,56771.814618000
807,139131,56771.820393000,56771.832173000
